{"cameraMode":{"drawMode":0,"name":"Shaded","section":"Shading Mode"},"sceneLighting":true,"audioPlay":false,"sceneViewState":{"m_AlwaysRefresh":false,"showFog":true,"showSkybox":true,"showFlares":true,"showImageEffects":true,"showParticleSystems":true,"showVisualEffectGraphs":true,"m_FxEnabled":true},"in2DMode":false,"pivot":{"x":2.0979251861572267,"y":2.9707250595092775,"z":-9.713022232055664},"rotation":{"x":-0.08552150428295136,"y":-0.06511609256267548,"z":0.0056005725637078289,"w":-0.9941940307617188},"size":1.3543154001235963,"orthographic":false}